INSERT INTO ETUDIANT ( MATRICULE , NOM , PRENOM ,EMAIL , DATE_DE_NAISSANCE ) VALUES ( '00000','hmaier'  ,'ahmed'    , 'ahmed.hmayer@gmail.com','1990-10-02');
INSERT INTO ETUDIANT ( MATRICULE , NOM , PRENOM ,EMAIL , DATE_DE_NAISSANCE ) VALUES ( '00001','torkani' ,'malik'    , 'ahmed.hmayer@gmail.com','1991-11-27');
INSERT INTO ETUDIANT ( MATRICULE , NOM , PRENOM ,EMAIL , DATE_DE_NAISSANCE ) VALUES ( '00002','moadeb'  ,'tarek'    , 'ahmed.hmayer@gmail.com','1992-12-15');
INSERT INTO ETUDIANT ( MATRICULE , NOM , PRENOM ,EMAIL , DATE_DE_NAISSANCE ) VALUES ( '00003','nasri'   ,'hatem'    , 'ahmed.hmayer@gmail.com','1993-01-20');
INSERT INTO ETUDIANT ( MATRICULE , NOM , PRENOM ,EMAIL , DATE_DE_NAISSANCE ) VALUES ( '00004','tlili'   ,'lynn'     , 'ahmed.hmayer@gmail.com','1994-02-10');
INSERT INTO ETUDIANT ( MATRICULE , NOM , PRENOM ,EMAIL , DATE_DE_NAISSANCE ) VALUES ( '00005','hatour'  ,'amel'     , 'ahmed.hmayer@gmail.com','1994-02-10');
INSERT INTO ETUDIANT ( MATRICULE , NOM , PRENOM ,EMAIL , DATE_DE_NAISSANCE ) VALUES ( '00006','madyouni','ghassen'  , 'ahmed.hmayer@gmail.com','1994-02-10');
INSERT INTO ETUDIANT ( MATRICULE , NOM , PRENOM ,EMAIL , DATE_DE_NAISSANCE ) VALUES ( '00007','chahbi'  ,'ali'      , 'ahmed.hmayer@gmail.com','1994-02-10');
INSERT INTO ETUDIANT ( MATRICULE , NOM , PRENOM ,EMAIL , DATE_DE_NAISSANCE ) VALUES ( '00008','kamoun'  ,'sabrin'   , 'ahmed.hmayer@gmail.com','1994-02-10');
INSERT INTO ETUDIANT ( MATRICULE , NOM , PRENOM ,EMAIL , DATE_DE_NAISSANCE ) VALUES ( '00009','grami'   ,'moez'     , 'ahmed.hmayer@gmail.com','1994-02-10');
INSERT INTO ETUDIANT ( MATRICULE , NOM , PRENOM ,EMAIL , DATE_DE_NAISSANCE ) VALUES ( '00010','daouda'  ,'abdo'     , 'ahmed.hmayer@gmail.com','1994-02-10');
INSERT INTO ETUDIANT ( MATRICULE , NOM , PRENOM ,EMAIL , DATE_DE_NAISSANCE ) VALUES ( '00011','belaid'  ,'saief'    , 'ahmed.hmayer@gmail.com','1994-02-10');
INSERT INTO ETUDIANT ( MATRICULE , NOM , PRENOM ,EMAIL , DATE_DE_NAISSANCE ) VALUES ( '00012','makhlouf','wajdi'    , 'ahmed.hmayer@gmail.com','1994-02-10');
INSERT INTO ETUDIANT ( MATRICULE , NOM , PRENOM ,EMAIL , DATE_DE_NAISSANCE ) VALUES ( '00013','kilani'  ,'raniya'   , 'ahmed.hmayer@gmail.com','1994-02-10');

INSERT INTO MATIERE (ID, LIBEL, NUMBER_HOURS ) VALUES ( 1, 'Programmation JEE', 41 );
INSERT INTO MATIERE (ID, LIBEL, NUMBER_HOURS ) VALUES ( 2, 'Algorithme avancé', 41 );
INSERT INTO MATIERE (ID, LIBEL, NUMBER_HOURS ) VALUES ( 3, 'Base de données avancé', 31.5 );
INSERT INTO MATIERE (ID, LIBEL, NUMBER_HOURS ) VALUES ( 4, 'Design pattern', 31.5 );
INSERT INTO MATIERE (ID, LIBEL, NUMBER_HOURS ) VALUES ( 5, 'Developpement Web', 41 );
INSERT INTO MATIERE (ID, LIBEL, NUMBER_HOURS ) VALUES ( 6, 'intelligence artificiel', 21 );
INSERT INTO MATIERE (ID, LIBEL, NUMBER_HOURS ) VALUES ( 7, 'complexité des algorithme', 21 );
INSERT INTO MATIERE (ID, LIBEL, NUMBER_HOURS ) VALUES ( 8, 'Traitement dimage', 21 );
INSERT INTO MATIERE (ID, LIBEL, NUMBER_HOURS ) VALUES ( 9, 'technique de communication', 21 );
INSERT INTO MATIERE (ID, LIBEL, NUMBER_HOURS ) VALUES ( 10, 'englais de communication', 21 );
INSERT INTO MATIERE (ID, LIBEL, NUMBER_HOURS ) VALUES ( 11, 'approch Agile', 21 );
INSERT INTO MATIERE (ID, LIBEL, NUMBER_HOURS ) VALUES ( 12, 'droit de lentreprise', 21 );
INSERT INTO MATIERE (ID, LIBEL, NUMBER_HOURS ) VALUES ( 13, 'Projet', 41 );


INSERT INTO CLASSE (ID, LIBEL, NOM_COMPLET ) VALUES ( 1, 'glsi-a', 'CII-GLSI-A');
INSERT INTO CLASSE (ID, LIBEL, NOM_COMPLET ) VALUES ( 2, 'glsi-b', 'CII-GLSI-B');

INSERT INTO MATIERE_CLASSE (CLASSE_ID, MATIERE_ID ) VALUES ( 1, 1 );
INSERT INTO MATIERE_CLASSE (CLASSE_ID, MATIERE_ID ) VALUES ( 1, 2 );
INSERT INTO MATIERE_CLASSE (CLASSE_ID, MATIERE_ID ) VALUES ( 1, 3 );
INSERT INTO MATIERE_CLASSE (CLASSE_ID, MATIERE_ID ) VALUES ( 1, 4 );
INSERT INTO MATIERE_CLASSE (CLASSE_ID, MATIERE_ID ) VALUES ( 1, 5 );
INSERT INTO MATIERE_CLASSE (CLASSE_ID, MATIERE_ID ) VALUES ( 1, 6 );
INSERT INTO MATIERE_CLASSE (CLASSE_ID, MATIERE_ID ) VALUES ( 1, 7 );
INSERT INTO MATIERE_CLASSE (CLASSE_ID, MATIERE_ID ) VALUES ( 1, 8 );
INSERT INTO MATIERE_CLASSE (CLASSE_ID, MATIERE_ID ) VALUES ( 1, 9 );
INSERT INTO MATIERE_CLASSE (CLASSE_ID, MATIERE_ID ) VALUES ( 1, 10 );
INSERT INTO MATIERE_CLASSE (CLASSE_ID, MATIERE_ID ) VALUES ( 1, 11 );
INSERT INTO MATIERE_CLASSE (CLASSE_ID, MATIERE_ID ) VALUES ( 1, 12 );
INSERT INTO MATIERE_CLASSE (CLASSE_ID, MATIERE_ID ) VALUES ( 1, 13 );

INSERT INTO MATIERE_CLASSE (CLASSE_ID, MATIERE_ID ) VALUES ( 2, 1 );
INSERT INTO MATIERE_CLASSE (CLASSE_ID, MATIERE_ID ) VALUES ( 2, 2 );
INSERT INTO MATIERE_CLASSE (CLASSE_ID, MATIERE_ID ) VALUES ( 2, 3 );
INSERT INTO MATIERE_CLASSE (CLASSE_ID, MATIERE_ID ) VALUES ( 2, 4 );
INSERT INTO MATIERE_CLASSE (CLASSE_ID, MATIERE_ID ) VALUES ( 2, 5 );
INSERT INTO MATIERE_CLASSE (CLASSE_ID, MATIERE_ID ) VALUES ( 2, 6 );
INSERT INTO MATIERE_CLASSE (CLASSE_ID, MATIERE_ID ) VALUES ( 2, 7 );
INSERT INTO MATIERE_CLASSE (CLASSE_ID, MATIERE_ID ) VALUES ( 2, 8 );
INSERT INTO MATIERE_CLASSE (CLASSE_ID, MATIERE_ID ) VALUES ( 2, 9 );
INSERT INTO MATIERE_CLASSE (CLASSE_ID, MATIERE_ID ) VALUES ( 2, 10 );
INSERT INTO MATIERE_CLASSE (CLASSE_ID, MATIERE_ID ) VALUES ( 2, 11 );
INSERT INTO MATIERE_CLASSE (CLASSE_ID, MATIERE_ID ) VALUES ( 2, 12 );
INSERT INTO MATIERE_CLASSE (CLASSE_ID, MATIERE_ID ) VALUES ( 2, 13 );

INSERT INTO CLASSE_ETUDIANTS (CLASSE_ID,  ETUDIANTS_MATRICULE ) VALUES ( 2, '00000' );
INSERT INTO CLASSE_ETUDIANTS (CLASSE_ID,  ETUDIANTS_MATRICULE ) VALUES ( 2, '00001' );
INSERT INTO CLASSE_ETUDIANTS (CLASSE_ID,  ETUDIANTS_MATRICULE ) VALUES ( 2, '00002' );
INSERT INTO CLASSE_ETUDIANTS (CLASSE_ID,  ETUDIANTS_MATRICULE ) VALUES ( 2, '00003' );
INSERT INTO CLASSE_ETUDIANTS (CLASSE_ID,  ETUDIANTS_MATRICULE ) VALUES ( 2, '00004' );
INSERT INTO CLASSE_ETUDIANTS (CLASSE_ID,  ETUDIANTS_MATRICULE ) VALUES ( 2, '00005' );
INSERT INTO CLASSE_ETUDIANTS (CLASSE_ID,  ETUDIANTS_MATRICULE ) VALUES ( 2, '00006' );
INSERT INTO CLASSE_ETUDIANTS (CLASSE_ID,  ETUDIANTS_MATRICULE ) VALUES ( 2, '00007' );
INSERT INTO CLASSE_ETUDIANTS (CLASSE_ID,  ETUDIANTS_MATRICULE ) VALUES ( 2, '00008' );
INSERT INTO CLASSE_ETUDIANTS (CLASSE_ID,  ETUDIANTS_MATRICULE ) VALUES ( 2, '00009' );
INSERT INTO CLASSE_ETUDIANTS (CLASSE_ID,  ETUDIANTS_MATRICULE ) VALUES ( 2, '00010' );
INSERT INTO CLASSE_ETUDIANTS (CLASSE_ID,  ETUDIANTS_MATRICULE ) VALUES ( 2, '00011' );
INSERT INTO CLASSE_ETUDIANTS (CLASSE_ID,  ETUDIANTS_MATRICULE ) VALUES ( 2, '00012' );
INSERT INTO CLASSE_ETUDIANTS (CLASSE_ID,  ETUDIANTS_MATRICULE ) VALUES ( 2, '00013' );


INSERT INTO ABSCENCE (ID, DATE, CLASSE_ID, MATIERE_ID, ETUDIANT_MATRICULE ) VALUES ( 1, '2019-09-09', 2, 1, '00000');
INSERT INTO ABSCENCE (ID, DATE, CLASSE_ID, MATIERE_ID, ETUDIANT_MATRICULE ) VALUES ( 2, '2019-09-09', 2, 1, '00000');
INSERT INTO ABSCENCE (ID, DATE, CLASSE_ID, MATIERE_ID, ETUDIANT_MATRICULE ) VALUES ( 3, '2019-09-09', 2, 1, '00000');
INSERT INTO ABSCENCE (ID, DATE, CLASSE_ID, MATIERE_ID, ETUDIANT_MATRICULE ) VALUES ( 4, '2019-09-09', 2, 1, '00000');
INSERT INTO ABSCENCE (ID, DATE, CLASSE_ID, MATIERE_ID, ETUDIANT_MATRICULE ) VALUES ( 5, '2019-09-09', 2, 1, '00000');
INSERT INTO ABSCENCE (ID, DATE, CLASSE_ID, MATIERE_ID, ETUDIANT_MATRICULE ) VALUES ( 6, '2019-09-09', 2, 1, '00000');
INSERT INTO ABSCENCE (ID, DATE, CLASSE_ID, MATIERE_ID, ETUDIANT_MATRICULE ) VALUES ( 7, '2019-09-09', 2, 1, '00000');
INSERT INTO ABSCENCE (ID, DATE, CLASSE_ID, MATIERE_ID, ETUDIANT_MATRICULE ) VALUES ( 8, '2019-09-09', 2, 1, '00000');
INSERT INTO ABSCENCE (ID, DATE, CLASSE_ID, MATIERE_ID, ETUDIANT_MATRICULE ) VALUES ( 9, '2019-09-09', 2, 1, '00000');
INSERT INTO ABSCENCE (ID, DATE, CLASSE_ID, MATIERE_ID, ETUDIANT_MATRICULE ) VALUES ( 10, '2019-09-09', 2, 1, '00000');
INSERT INTO ABSCENCE (ID, DATE, CLASSE_ID, MATIERE_ID, ETUDIANT_MATRICULE ) VALUES ( 11, '2019-09-09', 2, 1, '00000');
