-- create classes
INSERT INTO CLASSE (ID, LIBEL, NOM_COMPLET ) VALUES ( 1, 'glsi-a', 'CII-GLSI-A');
INSERT INTO CLASSE (ID, LIBEL, NOM_COMPLET ) VALUES ( 2, 'glsi-b', 'CII-GLSI-B');

-- create some student
INSERT INTO ETUDIANT ( MATRICULE , NOM , PRENOM ,EMAIL , DATE_DE_NAISSANCE, CLASSE_ID ) VALUES ( '00000','hmaier'  ,'ahmed'    , /**/'ahmed.hmayer@gmail.com','1990-10-02', 2);
INSERT INTO ETUDIANT ( MATRICULE , NOM , PRENOM ,EMAIL , DATE_DE_NAISSANCE, CLASSE_ID ) VALUES ( '00001','torkani' ,'malik'    , /**/'Malik.torkhani96@gmail.com','1991-11-27', 2);
INSERT INTO ETUDIANT ( MATRICULE , NOM , PRENOM ,EMAIL , DATE_DE_NAISSANCE, CLASSE_ID ) VALUES ( '00002','moadeb'  ,'tarek'    , /**/'triber666@hotmail.com','1992-12-15', 2);
INSERT INTO ETUDIANT ( MATRICULE , NOM , PRENOM ,EMAIL , DATE_DE_NAISSANCE, CLASSE_ID ) VALUES ( '00003','nasri'   ,'hatem'    , /**/'nasrih133@gmail.com','1993-01-20', 2);
INSERT INTO ETUDIANT ( MATRICULE , NOM , PRENOM ,EMAIL , DATE_DE_NAISSANCE, CLASSE_ID ) VALUES ( '00004','tlili'   ,'lynn'     , 'tlili.lynn@gmail.com','1994-02-10', 2);
INSERT INTO ETUDIANT ( MATRICULE , NOM , PRENOM ,EMAIL , DATE_DE_NAISSANCE, CLASSE_ID ) VALUES ( '00005','hatour'  ,'amel'     , 'hatour.amel@gmail.com','1994-02-10', 2);
INSERT INTO ETUDIANT ( MATRICULE , NOM , PRENOM ,EMAIL , DATE_DE_NAISSANCE, CLASSE_ID ) VALUES ( '00006','madyouni','ghassen'  , 'madyouni.ghassen@gmail.com','1994-02-10', 2);
INSERT INTO ETUDIANT ( MATRICULE , NOM , PRENOM ,EMAIL , DATE_DE_NAISSANCE, CLASSE_ID ) VALUES ( '00007','chahbi'  ,'ali'      , 'chahbi.ali@gmail.com','1994-02-10', 2);
INSERT INTO ETUDIANT ( MATRICULE , NOM , PRENOM ,EMAIL , DATE_DE_NAISSANCE, CLASSE_ID ) VALUES ( '00008','kamoun'  ,'sabrin'   , 'kamoun.sabrine@gmail.com','1994-02-10', 2);
INSERT INTO ETUDIANT ( MATRICULE , NOM , PRENOM ,EMAIL , DATE_DE_NAISSANCE, CLASSE_ID ) VALUES ( '00009','grami'   ,'moez'     , 'grami.moez@gmail.com','1994-02-10', 2);
INSERT INTO ETUDIANT ( MATRICULE , NOM , PRENOM ,EMAIL , DATE_DE_NAISSANCE, CLASSE_ID ) VALUES ( '00010','daouda'  ,'abdo'     , /**/'abdourahime336@gmail.com','1994-02-10', 2);
INSERT INTO ETUDIANT ( MATRICULE , NOM , PRENOM ,EMAIL , DATE_DE_NAISSANCE, CLASSE_ID ) VALUES ( '00011','belaid'  ,'saief'    , 'belaid.saied@gmail.com','1994-02-10', 2);
INSERT INTO ETUDIANT ( MATRICULE , NOM , PRENOM ,EMAIL , DATE_DE_NAISSANCE, CLASSE_ID ) VALUES ( '00012','makhlouf','wajdi'    , 'makhlouf.wajdi@gmail.com','1994-02-10', 2);
INSERT INTO ETUDIANT ( MATRICULE , NOM , PRENOM ,EMAIL , DATE_DE_NAISSANCE, CLASSE_ID ) VALUES ( '00013','kilani'  ,'raniya'   , 'raniya.kilani@gmail.com','1994-02-10', 2);

-- create 13 modules
INSERT INTO MATIERE (ID, LIBEL, NUMBER_HOURS , PERMIT ) VALUES ( 1, 'Programmation JEE', 41 , 15 );
INSERT INTO MATIERE (ID, LIBEL, NUMBER_HOURS , PERMIT ) VALUES ( 2, 'Algorithme avancé', 41 , 15 );
INSERT INTO MATIERE (ID, LIBEL, NUMBER_HOURS , PERMIT ) VALUES ( 3, 'Base de données avancé', 31.5 , 12 );
INSERT INTO MATIERE (ID, LIBEL, NUMBER_HOURS , PERMIT ) VALUES ( 4, 'Design pattern', 31.5 , 12 );
INSERT INTO MATIERE (ID, LIBEL, NUMBER_HOURS , PERMIT ) VALUES ( 5, 'Developpement Web', 41 , 15 );
INSERT INTO MATIERE (ID, LIBEL, NUMBER_HOURS , PERMIT ) VALUES ( 6, 'intelligence artificiel', 21 , 7 );
INSERT INTO MATIERE (ID, LIBEL, NUMBER_HOURS , PERMIT ) VALUES ( 7, 'complexité des algorithme', 21 , 7 );
INSERT INTO MATIERE (ID, LIBEL, NUMBER_HOURS , PERMIT ) VALUES ( 8, 'Traitement dimage', 21 , 7 );
INSERT INTO MATIERE (ID, LIBEL, NUMBER_HOURS , PERMIT ) VALUES ( 9, 'technique de communication', 21 , 7 );
INSERT INTO MATIERE (ID, LIBEL, NUMBER_HOURS , PERMIT ) VALUES ( 10, 'englais de communication', 21 , 7 );
INSERT INTO MATIERE (ID, LIBEL, NUMBER_HOURS , PERMIT ) VALUES ( 11, 'approch Agile', 21 , 7 );
INSERT INTO MATIERE (ID, LIBEL, NUMBER_HOURS , PERMIT ) VALUES ( 12, 'droit de lentreprise', 21 , 7 );
INSERT INTO MATIERE (ID, LIBEL, NUMBER_HOURS , PERMIT ) VALUES ( 13, 'Projet', 41 , 41 );


-- affect modules to a class glsi-a
INSERT INTO MATIERE_CLASSE (CLASSE_ID, MATIERE_ID ) VALUES ( 1, 1 );
INSERT INTO MATIERE_CLASSE (CLASSE_ID, MATIERE_ID ) VALUES ( 1, 2 );
INSERT INTO MATIERE_CLASSE (CLASSE_ID, MATIERE_ID ) VALUES ( 1, 3 );
INSERT INTO MATIERE_CLASSE (CLASSE_ID, MATIERE_ID ) VALUES ( 1, 4 );
INSERT INTO MATIERE_CLASSE (CLASSE_ID, MATIERE_ID ) VALUES ( 1, 5 );
INSERT INTO MATIERE_CLASSE (CLASSE_ID, MATIERE_ID ) VALUES ( 1, 6 );
INSERT INTO MATIERE_CLASSE (CLASSE_ID, MATIERE_ID ) VALUES ( 1, 7 );
INSERT INTO MATIERE_CLASSE (CLASSE_ID, MATIERE_ID ) VALUES ( 1, 8 );
INSERT INTO MATIERE_CLASSE (CLASSE_ID, MATIERE_ID ) VALUES ( 1, 9 );
INSERT INTO MATIERE_CLASSE (CLASSE_ID, MATIERE_ID ) VALUES ( 1, 10 );
INSERT INTO MATIERE_CLASSE (CLASSE_ID, MATIERE_ID ) VALUES ( 1, 11 );
INSERT INTO MATIERE_CLASSE (CLASSE_ID, MATIERE_ID ) VALUES ( 1, 12 );
INSERT INTO MATIERE_CLASSE (CLASSE_ID, MATIERE_ID ) VALUES ( 1, 13 );

-- affect modules to a class glsi-b
INSERT INTO MATIERE_CLASSE (CLASSE_ID, MATIERE_ID ) VALUES ( 2, 1 );
INSERT INTO MATIERE_CLASSE (CLASSE_ID, MATIERE_ID ) VALUES ( 2, 2 );
INSERT INTO MATIERE_CLASSE (CLASSE_ID, MATIERE_ID ) VALUES ( 2, 3 );
INSERT INTO MATIERE_CLASSE (CLASSE_ID, MATIERE_ID ) VALUES ( 2, 4 );
INSERT INTO MATIERE_CLASSE (CLASSE_ID, MATIERE_ID ) VALUES ( 2, 5 );
INSERT INTO MATIERE_CLASSE (CLASSE_ID, MATIERE_ID ) VALUES ( 2, 6 );
INSERT INTO MATIERE_CLASSE (CLASSE_ID, MATIERE_ID ) VALUES ( 2, 7 );
INSERT INTO MATIERE_CLASSE (CLASSE_ID, MATIERE_ID ) VALUES ( 2, 8 );
INSERT INTO MATIERE_CLASSE (CLASSE_ID, MATIERE_ID ) VALUES ( 2, 9 );
INSERT INTO MATIERE_CLASSE (CLASSE_ID, MATIERE_ID ) VALUES ( 2, 10 );
INSERT INTO MATIERE_CLASSE (CLASSE_ID, MATIERE_ID ) VALUES ( 2, 11 );
INSERT INTO MATIERE_CLASSE (CLASSE_ID, MATIERE_ID ) VALUES ( 2, 12 );
INSERT INTO MATIERE_CLASSE (CLASSE_ID, MATIERE_ID ) VALUES ( 2, 13 );

-- affect students to class glsi-b
INSERT INTO CLASSE_ETUDIANTS (CLASSE_ID,  ETUDIANTS_MATRICULE ) VALUES ( 2, '00000' );
INSERT INTO CLASSE_ETUDIANTS (CLASSE_ID,  ETUDIANTS_MATRICULE ) VALUES ( 2, '00001' );
INSERT INTO CLASSE_ETUDIANTS (CLASSE_ID,  ETUDIANTS_MATRICULE ) VALUES ( 2, '00002' );
INSERT INTO CLASSE_ETUDIANTS (CLASSE_ID,  ETUDIANTS_MATRICULE ) VALUES ( 2, '00003' );
INSERT INTO CLASSE_ETUDIANTS (CLASSE_ID,  ETUDIANTS_MATRICULE ) VALUES ( 2, '00004' );
INSERT INTO CLASSE_ETUDIANTS (CLASSE_ID,  ETUDIANTS_MATRICULE ) VALUES ( 2, '00005' );
INSERT INTO CLASSE_ETUDIANTS (CLASSE_ID,  ETUDIANTS_MATRICULE ) VALUES ( 2, '00006' );
INSERT INTO CLASSE_ETUDIANTS (CLASSE_ID,  ETUDIANTS_MATRICULE ) VALUES ( 2, '00007' );
INSERT INTO CLASSE_ETUDIANTS (CLASSE_ID,  ETUDIANTS_MATRICULE ) VALUES ( 2, '00008' );
INSERT INTO CLASSE_ETUDIANTS (CLASSE_ID,  ETUDIANTS_MATRICULE ) VALUES ( 2, '00009' );
INSERT INTO CLASSE_ETUDIANTS (CLASSE_ID,  ETUDIANTS_MATRICULE ) VALUES ( 2, '00010' );
INSERT INTO CLASSE_ETUDIANTS (CLASSE_ID,  ETUDIANTS_MATRICULE ) VALUES ( 2, '00011' );
INSERT INTO CLASSE_ETUDIANTS (CLASSE_ID,  ETUDIANTS_MATRICULE ) VALUES ( 2, '00012' );
INSERT INTO CLASSE_ETUDIANTS (CLASSE_ID,  ETUDIANTS_MATRICULE ) VALUES ( 2, '00013' );

-- some abscence to me xD all of them in the same date
INSERT INTO ABSCENCE (ID, DATE, CLASSE_ID, MATIERE_ID, ETUDIANT_MATRICULE ) VALUES ( 1, '2019-09-09', 2, 1, '00000');
INSERT INTO ABSCENCE (ID, DATE, CLASSE_ID, MATIERE_ID, ETUDIANT_MATRICULE ) VALUES ( 2, '2019-09-09', 2, 1, '00000');
INSERT INTO ABSCENCE (ID, DATE, CLASSE_ID, MATIERE_ID, ETUDIANT_MATRICULE ) VALUES ( 3, '2019-09-09', 2, 1, '00000');
INSERT INTO ABSCENCE (ID, DATE, CLASSE_ID, MATIERE_ID, ETUDIANT_MATRICULE ) VALUES ( 4, '2019-09-09', 2, 1, '00000');
INSERT INTO ABSCENCE (ID, DATE, CLASSE_ID, MATIERE_ID, ETUDIANT_MATRICULE ) VALUES ( 5, '2019-09-09', 2, 1, '00000');
INSERT INTO ABSCENCE (ID, DATE, CLASSE_ID, MATIERE_ID, ETUDIANT_MATRICULE ) VALUES ( 6, '2019-09-09', 2, 1, '00000');
INSERT INTO ABSCENCE (ID, DATE, CLASSE_ID, MATIERE_ID, ETUDIANT_MATRICULE ) VALUES ( 7, '2019-09-09', 2, 1, '00000');
INSERT INTO ABSCENCE (ID, DATE, CLASSE_ID, MATIERE_ID, ETUDIANT_MATRICULE ) VALUES ( 8, '2019-09-09', 2, 1, '00000');
INSERT INTO ABSCENCE (ID, DATE, CLASSE_ID, MATIERE_ID, ETUDIANT_MATRICULE ) VALUES ( 9, '2019-09-09', 2, 1, '00000');
INSERT INTO ABSCENCE (ID, DATE, CLASSE_ID, MATIERE_ID, ETUDIANT_MATRICULE ) VALUES ( 10, '2019-09-09', 2, 1, '00000');
INSERT INTO ABSCENCE (ID, DATE, CLASSE_ID, MATIERE_ID, ETUDIANT_MATRICULE ) VALUES ( 11, '2019-09-09', 2, 1, '00000');

-- some abscence to abdo design pattern
INSERT INTO ABSCENCE (ID, DATE, CLASSE_ID, MATIERE_ID, ETUDIANT_MATRICULE ) VALUES ( 12, '2019-09-09', 2, 4, '00010');
INSERT INTO ABSCENCE (ID, DATE, CLASSE_ID, MATIERE_ID, ETUDIANT_MATRICULE ) VALUES ( 13, '2019-09-09', 2, 4, '00010');
INSERT INTO ABSCENCE (ID, DATE, CLASSE_ID, MATIERE_ID, ETUDIANT_MATRICULE ) VALUES ( 14, '2019-09-09', 2, 4, '00010');
INSERT INTO ABSCENCE (ID, DATE, CLASSE_ID, MATIERE_ID, ETUDIANT_MATRICULE ) VALUES ( 15, '2019-09-09', 2, 4, '00010');
INSERT INTO ABSCENCE (ID, DATE, CLASSE_ID, MATIERE_ID, ETUDIANT_MATRICULE ) VALUES ( 16, '2019-09-09', 2, 4, '00010');
INSERT INTO ABSCENCE (ID, DATE, CLASSE_ID, MATIERE_ID, ETUDIANT_MATRICULE ) VALUES ( 17, '2019-09-09', 2, 4, '00010');
INSERT INTO ABSCENCE (ID, DATE, CLASSE_ID, MATIERE_ID, ETUDIANT_MATRICULE ) VALUES ( 18, '2019-09-09', 2, 4, '00010');
INSERT INTO ABSCENCE (ID, DATE, CLASSE_ID, MATIERE_ID, ETUDIANT_MATRICULE ) VALUES ( 19, '2019-09-09', 2, 4, '00010');
INSERT INTO ABSCENCE (ID, DATE, CLASSE_ID, MATIERE_ID, ETUDIANT_MATRICULE ) VALUES ( 20, '2019-09-09', 2, 4, '00010');
INSERT INTO ABSCENCE (ID, DATE, CLASSE_ID, MATIERE_ID, ETUDIANT_MATRICULE ) VALUES ( 21, '2019-09-09', 2, 4, '00010');
INSERT INTO ABSCENCE (ID, DATE, CLASSE_ID, MATIERE_ID, ETUDIANT_MATRICULE ) VALUES ( 22, '2019-09-09', 2, 4, '00010');

-- some abscence to Lynn agile
INSERT INTO ABSCENCE (ID, DATE, CLASSE_ID, MATIERE_ID, ETUDIANT_MATRICULE ) VALUES ( 23, '2019-09-09', 2, 11, '00004');
INSERT INTO ABSCENCE (ID, DATE, CLASSE_ID, MATIERE_ID, ETUDIANT_MATRICULE ) VALUES ( 24, '2019-09-09', 2, 11, '00004');
INSERT INTO ABSCENCE (ID, DATE, CLASSE_ID, MATIERE_ID, ETUDIANT_MATRICULE ) VALUES ( 25, '2019-09-09', 2, 11, '00004');
INSERT INTO ABSCENCE (ID, DATE, CLASSE_ID, MATIERE_ID, ETUDIANT_MATRICULE ) VALUES ( 26, '2019-09-09', 2, 11, '00004');
INSERT INTO ABSCENCE (ID, DATE, CLASSE_ID, MATIERE_ID, ETUDIANT_MATRICULE ) VALUES ( 27, '2019-09-09', 2, 11, '00004');
INSERT INTO ABSCENCE (ID, DATE, CLASSE_ID, MATIERE_ID, ETUDIANT_MATRICULE ) VALUES ( 28, '2019-09-09', 2, 11, '00004');

-- some abscence to Lynn agile
INSERT INTO ABSCENCE (ID, DATE, CLASSE_ID, MATIERE_ID, ETUDIANT_MATRICULE ) VALUES ( 29, '2019-09-09', 2, 6, '00004');
INSERT INTO ABSCENCE (ID, DATE, CLASSE_ID, MATIERE_ID, ETUDIANT_MATRICULE ) VALUES ( 30, '2019-09-09', 2, 6, '00004');
INSERT INTO ABSCENCE (ID, DATE, CLASSE_ID, MATIERE_ID, ETUDIANT_MATRICULE ) VALUES ( 31, '2019-09-09', 2, 6, '00004');
INSERT INTO ABSCENCE (ID, DATE, CLASSE_ID, MATIERE_ID, ETUDIANT_MATRICULE ) VALUES ( 32, '2019-09-09', 2, 6, '00004');
INSERT INTO ABSCENCE (ID, DATE, CLASSE_ID, MATIERE_ID, ETUDIANT_MATRICULE ) VALUES ( 33, '2019-09-09', 2, 6, '00004');
INSERT INTO ABSCENCE (ID, DATE, CLASSE_ID, MATIERE_ID, ETUDIANT_MATRICULE ) VALUES ( 34, '2019-09-09', 2, 6, '00004');


-- some abscence to Hatem web
INSERT INTO ABSCENCE (ID, DATE, CLASSE_ID, MATIERE_ID, ETUDIANT_MATRICULE ) VALUES ( 35, '2019-09-09', 2, 5, '00003');
INSERT INTO ABSCENCE (ID, DATE, CLASSE_ID, MATIERE_ID, ETUDIANT_MATRICULE ) VALUES ( 36, '2019-09-09', 2, 5, '00003');
INSERT INTO ABSCENCE (ID, DATE, CLASSE_ID, MATIERE_ID, ETUDIANT_MATRICULE ) VALUES ( 37, '2019-09-09', 2, 5, '00003');
INSERT INTO ABSCENCE (ID, DATE, CLASSE_ID, MATIERE_ID, ETUDIANT_MATRICULE ) VALUES ( 38, '2019-09-09', 2, 5, '00003');
INSERT INTO ABSCENCE (ID, DATE, CLASSE_ID, MATIERE_ID, ETUDIANT_MATRICULE ) VALUES ( 39, '2019-09-09', 2, 5, '00003');
INSERT INTO ABSCENCE (ID, DATE, CLASSE_ID, MATIERE_ID, ETUDIANT_MATRICULE ) VALUES ( 40, '2019-09-09', 2, 5, '00003');
INSERT INTO ABSCENCE (ID, DATE, CLASSE_ID, MATIERE_ID, ETUDIANT_MATRICULE ) VALUES ( 41, '2019-09-09', 2, 5, '00003');
INSERT INTO ABSCENCE (ID, DATE, CLASSE_ID, MATIERE_ID, ETUDIANT_MATRICULE ) VALUES ( 42, '2019-09-09', 2, 5, '00003');
INSERT INTO ABSCENCE (ID, DATE, CLASSE_ID, MATIERE_ID, ETUDIANT_MATRICULE ) VALUES ( 43, '2019-09-09', 2, 5, '00003');
INSERT INTO ABSCENCE (ID, DATE, CLASSE_ID, MATIERE_ID, ETUDIANT_MATRICULE ) VALUES ( 44, '2019-09-09', 2, 5, '00003');
INSERT INTO ABSCENCE (ID, DATE, CLASSE_ID, MATIERE_ID, ETUDIANT_MATRICULE ) VALUES ( 45, '2019-09-09', 2, 5, '00003');

-- some abscence to tarek web
INSERT INTO ABSCENCE (ID, DATE, CLASSE_ID, MATIERE_ID, ETUDIANT_MATRICULE ) VALUES ( 46, '2019-09-09', 2, 3, '00002');
INSERT INTO ABSCENCE (ID, DATE, CLASSE_ID, MATIERE_ID, ETUDIANT_MATRICULE ) VALUES ( 47, '2019-09-09', 2, 3, '00002');
INSERT INTO ABSCENCE (ID, DATE, CLASSE_ID, MATIERE_ID, ETUDIANT_MATRICULE ) VALUES ( 48, '2019-09-09', 2, 3, '00002');
INSERT INTO ABSCENCE (ID, DATE, CLASSE_ID, MATIERE_ID, ETUDIANT_MATRICULE ) VALUES ( 49, '2019-09-09', 2, 3, '00002');
INSERT INTO ABSCENCE (ID, DATE, CLASSE_ID, MATIERE_ID, ETUDIANT_MATRICULE ) VALUES ( 50, '2019-09-09', 2, 3, '00002');
INSERT INTO ABSCENCE (ID, DATE, CLASSE_ID, MATIERE_ID, ETUDIANT_MATRICULE ) VALUES ( 51, '2019-09-09', 2, 3, '00002');
INSERT INTO ABSCENCE (ID, DATE, CLASSE_ID, MATIERE_ID, ETUDIANT_MATRICULE ) VALUES ( 52, '2019-09-09', 2, 3, '00002');
INSERT INTO ABSCENCE (ID, DATE, CLASSE_ID, MATIERE_ID, ETUDIANT_MATRICULE ) VALUES ( 53, '2019-09-09', 2, 3, '00002');
INSERT INTO ABSCENCE (ID, DATE, CLASSE_ID, MATIERE_ID, ETUDIANT_MATRICULE ) VALUES ( 54, '2019-09-09', 2, 3, '00002');
INSERT INTO ABSCENCE (ID, DATE, CLASSE_ID, MATIERE_ID, ETUDIANT_MATRICULE ) VALUES ( 55, '2019-09-09', 2, 3, '00002');
INSERT INTO ABSCENCE (ID, DATE, CLASSE_ID, MATIERE_ID, ETUDIANT_MATRICULE ) VALUES ( 56, '2019-09-09', 2, 3, '00002');

-- some abscence to malik web
INSERT INTO ABSCENCE (ID, DATE, CLASSE_ID, MATIERE_ID, ETUDIANT_MATRICULE ) VALUES ( 57, '2019-09-09', 2, 3, '00001');
INSERT INTO ABSCENCE (ID, DATE, CLASSE_ID, MATIERE_ID, ETUDIANT_MATRICULE ) VALUES ( 58, '2019-09-09', 2, 3, '00001');
INSERT INTO ABSCENCE (ID, DATE, CLASSE_ID, MATIERE_ID, ETUDIANT_MATRICULE ) VALUES ( 59, '2019-09-09', 2, 3, '00001');
INSERT INTO ABSCENCE (ID, DATE, CLASSE_ID, MATIERE_ID, ETUDIANT_MATRICULE ) VALUES ( 60, '2019-09-09', 2, 3, '00001');
INSERT INTO ABSCENCE (ID, DATE, CLASSE_ID, MATIERE_ID, ETUDIANT_MATRICULE ) VALUES ( 61, '2019-09-09', 2, 3, '00001');
INSERT INTO ABSCENCE (ID, DATE, CLASSE_ID, MATIERE_ID, ETUDIANT_MATRICULE ) VALUES ( 62, '2019-09-09', 2, 3, '00001');
INSERT INTO ABSCENCE (ID, DATE, CLASSE_ID, MATIERE_ID, ETUDIANT_MATRICULE ) VALUES ( 63, '2019-09-09', 2, 3, '00001');
INSERT INTO ABSCENCE (ID, DATE, CLASSE_ID, MATIERE_ID, ETUDIANT_MATRICULE ) VALUES ( 64, '2019-09-09', 2, 3, '00001');
INSERT INTO ABSCENCE (ID, DATE, CLASSE_ID, MATIERE_ID, ETUDIANT_MATRICULE ) VALUES ( 65, '2019-09-09', 2, 3, '00001');
INSERT INTO ABSCENCE (ID, DATE, CLASSE_ID, MATIERE_ID, ETUDIANT_MATRICULE ) VALUES ( 66, '2019-09-09', 2, 3, '00001');
INSERT INTO ABSCENCE (ID, DATE, CLASSE_ID, MATIERE_ID, ETUDIANT_MATRICULE ) VALUES ( 67, '2019-09-09', 2, 3, '00001');
